"state","year_fiscal","appropriations_local","appropriations_net","enrollment_fte","appropriations_state","fips","year_cpi","year_axis","cpi_all","cpi_multiplier"
"United States",2000,10117879500,103721555658,17209084,93603676158,"00",1999,"'99–'00",166.6,1.4209843937575
"United States",2001,10735386096,111721252947,17334736.68,100985866851,"00",2000,"'00–'01",172.2,1.37477351916376
"United States",2002,11886142016,115587905169,18068730.84,103701763153,"00",2001,"'01–'02",177.1,1.33673630717109
"United States",2003,12689513846,116172137689,19007735.18,103482623843,"00",2002,"'02–'03",179.9,1.31593107281823
"United States",2004,13247811592,114532530584,19428391.34,101284718992,"00",2003,"'03–'04",184,1.28660869565217
"United States",2005,13232438694,119666020210,19791708,106433581516,"00",2004,"'04–'05",188.9,1.25323451561673
"United States",2006,13866169790,128934382889.76,19697806.52,115068213099.76,"00",2005,"'05–'06",195.3,1.21216589861751
"United States",2007,14526750908,138597599755.08,19949126.16,124070848847.08,"00",2006,"'06–'07",201.6,1.17428571428571
"United States",2008,16085942944,148938309723.7,20510925.72,132852366779.7,"00",2007,"'07–'08",207.342,1.14176577827936
"United States",2009,16764253268.6,147895909166.98,21442931.44,131131655898.38,"00",2008,"'08–'09",215.303,1.09954807875413
"United States",2010,17393100312,147634041331,22717538.92,130240941019,"00",2009,"'09–'10",214.537,1.10347399283107
"United States",2011,17641581862,147786159115.68,23375188.38,130144577253.68,"00",2010,"'10–'11",218.056,1.08566606743222
"United States",2012,17485556890,135942579195.28,23238423.96,118457022305.28,"00",2011,"'11–'12",224.939,1.0524453296227
"United States",2013,18415462880,137242819983.12,22741426.5,118827357103.12,"00",2012,"'12–'13",229.594,1.03110708467991
"United States",2014,18736639154,146629883180.74,22516459.26,127893244026.74,"00",2013,"'13–'14",232.957,1.01622187785729
"United States",2015,18148906644,155146357213.5,22273120.6,136997450569.5,"00",2014,"'14–'15",236.736,1
"Alabama",2000,2946995,812248992,166806,809301997,"01",1999,"'99–'00",166.6,1.4209843937575
"Alabama",2001,2776875,803362761,165833,800585886,"01",2000,"'00–'01",172.2,1.37477351916376
"Alabama",2002,2910762,816569084,173687,813658322,"01",2001,"'01–'02",177.1,1.33673630717109
"Alabama",2003,1744000,853896083,180654,852152083,"01",2002,"'02–'03",179.9,1.31593107281823
"Alabama",2004,420422,858965823,183167,858545401,"01",2003,"'03–'04",184,1.28660869565217
"Alabama",2005,505100,882129435,180517,881624335,"01",2004,"'04–'05",188.9,1.25323451561673
"Alabama",2006,582891,1017232186,180985,1016649295,"01",2005,"'05–'06",195.3,1.21216589861751
"Alabama",2007,2642643,1211654323,182504,1209011680,"01",2006,"'06–'07",201.6,1.17428571428571
"Alabama",2008,2409762,1416023516,187086,1413613754,"01",2007,"'07–'08",207.342,1.14176577827936
"Alabama",2009,2468331,1136882694,199153,1134414363,"01",2008,"'08–'09",215.303,1.09954807875413
"Alabama",2010,2180111,1136929049,210067,1134748938,"01",2009,"'09–'10",214.537,1.10347399283107
"Alabama",2011,2201425,1136580631,212758,1134379206,"01",2010,"'10–'11",218.056,1.08566606743222
"Alabama",2012,1449511,1070652706,206364,1069203195,"01",2011,"'11–'12",224.939,1.0524453296227
"Alabama",2013,1458348,998984984,197110,997526636,"01",2012,"'12–'13",229.594,1.03110708467991
"Alabama",2014,2396117,1009986884,194439,1007590767,"01",2013,"'13–'14",232.957,1.01622187785729
"Alabama",2015,2937000,1039465012,195411,1036528012,"01",2014,"'14–'15",236.736,1
"Alaska",2000,704731,158135919,15968,157431188,"02",1999,"'99–'00",166.6,1.4209843937575
"Alaska",2001,714731,173278954,16079,172564223,"02",2000,"'00–'01",172.2,1.37477351916376
"Alaska",2002,7e+05,180786574,16706,180086574,"02",2001,"'01–'02",177.1,1.33673630717109
"Alaska",2003,704966,193715366,17974,193010400,"02",2002,"'02–'03",179.9,1.31593107281823
"Alaska",2004,719558,195000926,18802,194281368,"02",2003,"'03–'04",184,1.28660869565217
"Alaska",2005,703784,209378420,18720,208674636,"02",2004,"'04–'05",188.9,1.25323451561673
"Alaska",2006,805794,227219357,18785,226413563,"02",2005,"'05–'06",195.3,1.21216589861751
"Alaska",2007,716731,258734454,18656,258017723,"02",2006,"'06–'07",201.6,1.17428571428571
"Alaska",2008,716731,272581036,18703,271864305,"02",2007,"'07–'08",207.342,1.14176577827936
"Alaska",2009,716731,290771590,19010,290054859,"02",2008,"'08–'09",215.303,1.09954807875413
"Alaska",2010,782000,302853868,20271,302071868,"02",2009,"'09–'10",214.537,1.10347399283107
"Alaska",2011,782000,315361051,21070,314579051,"02",2010,"'10–'11",218.056,1.08566606743222
"Alaska",2012,957000,326547501,21654,325590501,"02",2011,"'11–'12",224.939,1.0524453296227
"Alaska",2013,880000,336709787,21131,335829787,"02",2012,"'12–'13",229.594,1.03110708467991
"Alaska",2014,933000,352303876,20464,351370876,"02",2013,"'13–'14",232.957,1.01622187785729
"Alaska",2015,1e+06,348072461,19904,347072461,"02",2014,"'14–'15",236.736,1
"Arizona",2000,285345100,1025683900,180669,740338800,"04",1999,"'99–'00",166.6,1.4209843937575
"Arizona",2001,309781300,1083028700,185330,773247400,"04",2000,"'00–'01",172.2,1.37477351916376
"Arizona",2002,399846800,1167774400,192181,767927600,"04",2001,"'01–'02",177.1,1.33673630717109
"Arizona",2003,430541800,1175596896,205553,745055096,"04",2002,"'02–'03",179.9,1.31593107281823
"Arizona",2004,463569000,1216008472,212980,752439472,"04",2003,"'03–'04",184,1.28660869565217
"Arizona",2005,479196300,1283962600,218212,804766300,"04",2004,"'04–'05",188.9,1.25323451561673
"Arizona",2006,539476800,1412995700,227283,873518900,"04",2005,"'05–'06",195.3,1.21216589861751
"Arizona",2007,599062600,1575882500,229558,976819900,"04",2006,"'06–'07",201.6,1.17428571428571
"Arizona",2008,649953300,1738974300,233255,1089021000,"04",2007,"'07–'08",207.342,1.14176577827936
"Arizona",2009,702392700,1789226500,245680,1086833800,"04",2008,"'08–'09",215.303,1.09954807875413
"Arizona",2010,731263100,1685588400,259953,954325300,"04",2009,"'09–'10",214.537,1.10347399283107
"Arizona",2011,742101400,1624285900,275071,882184500,"04",2010,"'10–'11",218.056,1.08566606743222
"Arizona",2012,746127700,1368502900,275238,622375200,"04",2011,"'11–'12",224.939,1.0524453296227
"Arizona",2013,761866000,1396881200,270644,635015200,"04",2012,"'12–'13",229.594,1.03110708467991
"Arizona",2014,796614000,1455671000,270127,659057000,"04",2013,"'13–'14",232.957,1.01622187785729
"Arizona",2015,808155600,1487268200,274235,679112600,"04",2014,"'14–'15",236.736,1
"Arkansas",2000,0,466828459,86263,466828459,"05",1999,"'99–'00",166.6,1.4209843937575
"Arkansas",2001,4180560,451439485,87337,447258925,"05",2000,"'00–'01",172.2,1.37477351916376
"Arkansas",2002,7464145,469364655,92722,461900510,"05",2001,"'01–'02",177.1,1.33673630717109
"Arkansas",2003,10137447,467643771,92508,457506324,"05",2002,"'02–'03",179.9,1.31593107281823
"Arkansas",2004,13524071,510063319,96292,496539248,"05",2003,"'03–'04",184,1.28660869565217
"Arkansas",2005,11987740,500047256,99231,488059516,"05",2004,"'04–'05",188.9,1.25323451561673
"Arkansas",2006,16272339,590353209,101344,574080870,"05",2005,"'05–'06",195.3,1.21216589861751
"Arkansas",2007,17498042,628684148,103369,611186106,"05",2006,"'06–'07",201.6,1.17428571428571
"Arkansas",2008,19289216,696190431.72,107428,676901215.72,"05",2007,"'07–'08",207.342,1.14176577827936
"Arkansas",2009,20509302.3,702271943.3,108474,681762641,"05",2008,"'08–'09",215.303,1.09954807875413
"Arkansas",2010,30593853,770927093,118884,740333240,"05",2009,"'09–'10",214.537,1.10347399283107
"Arkansas",2011,30362189,823150391,124085,792788202,"05",2010,"'10–'11",218.056,1.08566606743222
"Arkansas",2012,31189985,820522787,124426,789332802,"05",2011,"'11–'12",224.939,1.0524453296227
"Arkansas",2013,30741742,812501020,122431,781759278,"05",2012,"'12–'13",229.594,1.03110708467991
"Arkansas",2014,32302295,801842013,119608,769539718,"05",2013,"'13–'14",232.957,1.01622187785729
"Arkansas",2015,32849863,802848187,116948,769998324,"05",2014,"'14–'15",236.736,1
"California",2000,1585317000,8521351000,1433493,6936034000,"06",1999,"'99–'00",166.6,1.4209843937575
"California",2001,1694472000,9501482000,1277325,7807010000,"06",2000,"'00–'01",172.2,1.37477351916376
"California",2002,1830559000,10158258000,1309404,8327699000,"06",2001,"'01–'02",177.1,1.33673630717109
"California",2003,1990431000,10171168400,1413927,8180737400,"06",2002,"'02–'03",179.9,1.31593107281823
"California",2004,2100441000,9621845000,1401271,7521404000,"06",2003,"'03–'04",184,1.28660869565217
"California",2005,1738654000,9726133000,1433492,7987479000,"06",2004,"'04–'05",188.9,1.25323451561673
"California",2006,1817879000,10669002554,1373351,8851123554,"06",2005,"'05–'06",195.3,1.21216589861751
"California",2007,1851009000,11535362950,1434993,9684353950,"06",2006,"'06–'07",201.6,1.17428571428571
"California",2008,2051728000,12304846069,1507467,10253118069,"06",2007,"'07–'08",207.342,1.14176577827936
"California",2009,1961601000,12120243750,1624753,10158642750,"06",2008,"'08–'09",215.303,1.09954807875413
"California",2010,1999769000,10979981750,1612044,8980212750,"06",2009,"'09–'10",214.537,1.10347399283107
"California",2011,1965362000,11671930738,1586699,9706568738,"06",2010,"'10–'11",218.056,1.08566606743222
"California",2012,1960362000,10086912000,1526534,8126550000,"06",2011,"'11–'12",224.939,1.0524453296227
"California",2013,2263986000,10675058041,1487136,8411072041,"06",2012,"'12–'13",229.594,1.03110708467991
"California",2014,2182485000,11982801776,1517902,9800316776,"06",2013,"'13–'14",232.957,1.01622187785729
"California",2015,2262734000,13437281422,1539822,11174547422,"06",2014,"'14–'15",236.736,1
"Colorado",2000,28716368,599990516,141727,571274148,"08",1999,"'99–'00",166.6,1.4209843937575
"Colorado",2001,39634053,636952730,141492,597318677,"08",2000,"'00–'01",172.2,1.37477351916376
"Colorado",2002,34144580,641166356,147724,607021776,"08",2001,"'01–'02",177.1,1.33673630717109
"Colorado",2003,42503188,532070639,156258,489567451,"08",2002,"'02–'03",179.9,1.31593107281823
"Colorado",2004,43645672,516092315,161181,472446643,"08",2003,"'03–'04",184,1.28660869565217
"Colorado",2005,43308988,546727380,162711,503418392,"08",2004,"'04–'05",188.9,1.25323451561673
"Colorado",2006,43308988,592418780,158876,549109792,"08",2005,"'05–'06",195.3,1.21216589861751
"Colorado",2007,43308988,623266800,157382,579957812,"08",2006,"'06–'07",201.6,1.17428571428571
"Colorado",2008,47236979,687249267,164638,640012288,"08",2007,"'07–'08",207.342,1.14176577827936
"Colorado",2009,51188917,787091827.04,171564,735902910.04,"08",2008,"'08–'09",215.303,1.09954807875413
"Colorado",2010,69651240,822720838,187231,753069598,"08",2009,"'09–'10",214.537,1.10347399283107
"Colorado",2011,61398660,704435521.82,195621,643036861.82,"08",2010,"'10–'11",218.056,1.08566606743222
"Colorado",2012,55276285,588559185,192541,533282900,"08",2011,"'11–'12",224.939,1.0524453296227
"Colorado",2013,54267446,580351954,188405,526084508,"08",2012,"'12–'13",229.594,1.03110708467991
"Colorado",2014,60068055,621785583,184836,561717528,"08",2013,"'13–'14",232.957,1.01622187785729
"Colorado",2015,66367270,719452848,181867,653085578,"08",2014,"'14–'15",236.736,1
"Connecticut",2000,0,555483639,58885,555483639,"09",1999,"'99–'00",166.6,1.4209843937575
"Connecticut",2001,0,574275359,60976,574275359,"09",2000,"'00–'01",172.2,1.37477351916376
"Connecticut",2002,0,612963857,64183,612963857,"09",2001,"'01–'02",177.1,1.33673630717109
"Connecticut",2003,0,631070636,68062,631070636,"09",2002,"'02–'03",179.9,1.31593107281823
"Connecticut",2004,0,624417216,70030,624417216,"09",2003,"'03–'04",184,1.28660869565217
"Connecticut",2005,0,661319367,72278,661319367,"09",2004,"'04–'05",188.9,1.25323451561673
"Connecticut",2006,0,699460900,73608,699460900,"09",2005,"'05–'06",195.3,1.21216589861751
"Connecticut",2007,0,755099385,74951,755099385,"09",2006,"'06–'07",201.6,1.17428571428571
"Connecticut",2008,0,829593724,77088,829593724,"09",2007,"'07–'08",207.342,1.14176577827936
"Connecticut",2009,0,827966248,80433,827966248,"09",2008,"'08–'09",215.303,1.09954807875413
"Connecticut",2010,0,889346452,85033,889346452,"09",2009,"'09–'10",214.537,1.10347399283107
"Connecticut",2011,0,864906524,86281,864906524,"09",2010,"'10–'11",218.056,1.08566606743222
"Connecticut",2012,0,772499132,85683,772499132,"09",2011,"'11–'12",224.939,1.0524453296227
"Connecticut",2013,0,687340429,87810,687340429,"09",2012,"'12–'13",229.594,1.03110708467991
"Connecticut",2014,0,782171927.53,88681,782171927.53,"09",2013,"'13–'14",232.957,1.01622187785729
"Connecticut",2015,0,866238882.1,87403,866238882.1,"09",2014,"'14–'15",236.736,1
"Delaware",2000,0,166850400,28960,166850400,"10",1999,"'99–'00",166.6,1.4209843937575
"Delaware",2001,0,184700000,28944,184700000,"10",2000,"'00–'01",172.2,1.37477351916376
"Delaware",2002,0,185400000,26775,185400000,"10",2001,"'01–'02",177.1,1.33673630717109
"Delaware",2003,0,172991541,31028,172991541,"10",2002,"'02–'03",179.9,1.31593107281823
"Delaware",2004,0,182592016,29546,182592016,"10",2003,"'03–'04",184,1.28660869565217
"Delaware",2005,0,193947638,30541,193947638,"10",2004,"'04–'05",188.9,1.25323451561673
"Delaware",2006,0,206268466,31269,206268466,"10",2005,"'05–'06",195.3,1.21216589861751
"Delaware",2007,0,221922783,31269,221922783,"10",2006,"'06–'07",201.6,1.17428571428571
"Delaware",2008,0,228464130,31619,228464130,"10",2007,"'07–'08",207.342,1.14176577827936
"Delaware",2009,0,230633155,32417,230633155,"10",2008,"'08–'09",215.303,1.09954807875413
"Delaware",2010,0,228906260,33570,228906260,"10",2009,"'09–'10",214.537,1.10347399283107
"Delaware",2011,0,198939300,34648,198939300,"10",2010,"'10–'11",218.056,1.08566606743222
"Delaware",2012,0,201555666,34672,201555666,"10",2011,"'11–'12",224.939,1.0524453296227
"Delaware",2013,0,202886697,34715,202886697,"10",2012,"'12–'13",229.594,1.03110708467991
"Delaware",2014,0,216749517,35657,216749517,"10",2013,"'13–'14",232.957,1.01622187785729
"Delaware",2015,0,215044321,36742,215044321,"10",2014,"'14–'15",236.736,1
"Florida",2000,0,2271458821,404417,2271458821,"12",1999,"'99–'00",166.6,1.4209843937575
"Florida",2001,0,2681796010,420957,2681796010,"12",2000,"'00–'01",172.2,1.37477351916376
"Florida",2002,0,2637096700,442010,2637096700,"12",2001,"'01–'02",177.1,1.33673630717109
"Florida",2003,0,2796200741,476654,2796200741,"12",2002,"'02–'03",179.9,1.31593107281823
"Florida",2004,0,2780578521,499972,2780578521,"12",2003,"'03–'04",184,1.28660869565217
"Florida",2005,0,3163962882,504657,3163962882,"12",2004,"'04–'05",188.9,1.25323451561673
"Florida",2006,0,3339398274,507927,3339398274,"12",2005,"'05–'06",195.3,1.21216589861751
"Florida",2007,0,3821490166,518086,3821490166,"12",2006,"'06–'07",201.6,1.17428571428571
"Florida",2008,0,3884743685,540823,3884743685,"12",2007,"'07–'08",207.342,1.14176577827936
"Florida",2009,0,3553448081.02,564963,3553448081.02,"12",2008,"'08–'09",215.303,1.09954807875413
"Florida",2010,0,3417527815,607246,3417527815,"12",2009,"'09–'10",214.537,1.10347399283107
"Florida",2011,0,3552648686,636320,3552648686,"12",2010,"'10–'11",218.056,1.08566606743222
"Florida",2012,0,3075717730,641464,3075717730,"12",2011,"'11–'12",224.939,1.0524453296227
"Florida",2013,0,2787329058,619195,2787329058,"12",2012,"'12–'13",229.594,1.03110708467991
"Florida",2014,0,3318516196,608221,3318516196,"12",2013,"'13–'14",232.957,1.01622187785729
"Florida",2015,0,3556528216,601292,3556528216,"12",2014,"'14–'15",236.736,1
"Georgia",2000,0,1633933294,172909,1633933294,"13",1999,"'99–'00",166.6,1.4209843937575
"Georgia",2001,6e+06,1932017413,234998,1926017413,"13",2000,"'00–'01",172.2,1.37477351916376
"Georgia",2002,6e+06,1953022364,259566,1947022364,"13",2001,"'01–'02",177.1,1.33673630717109
"Georgia",2003,6e+06,1981523482,283391,1975523482,"13",2002,"'02–'03",179.9,1.31593107281823
"Georgia",2004,4e+06,2015342265,289382,2011342265,"13",2003,"'03–'04",184,1.28660869565217
"Georgia",2005,2e+06,2125077818,295356,2123077818,"13",2004,"'04–'05",188.9,1.25323451561673
"Georgia",2006,0,2289357872,292655,2289357872,"13",2005,"'05–'06",195.3,1.21216589861751
"Georgia",2007,1040152,2404682114,297755,2403641962,"13",2006,"'06–'07",201.6,1.17428571428571
"Georgia",2008,0,2553875526,310759,2553875526,"13",2007,"'07–'08",207.342,1.14176577827936
"Georgia",2009,0,2472055247,330866.4,2472055247,"13",2008,"'08–'09",215.303,1.09954807875413
"Georgia",2010,0,2583855236,370732.1,2583855236,"13",2009,"'09–'10",214.537,1.10347399283107
"Georgia",2011,0,2602003838,385615,2602003838,"13",2010,"'10–'11",218.056,1.08566606743222
"Georgia",2012,0,2378917649,379004,2378917649,"13",2011,"'11–'12",224.939,1.0524453296227
"Georgia",2013,0,2291564868,354989,2291564868,"13",2012,"'12–'13",229.594,1.03110708467991
"Georgia",2014,0,2443562222,347733,2443562222,"13",2013,"'13–'14",232.957,1.01622187785729
"Georgia",2015,0,2544705313,344325,2544705313,"13",2014,"'14–'15",236.736,1
"Hawaii",2000,0,280513000,32484,280513000,"15",1999,"'99–'00",166.6,1.4209843937575
"Hawaii",2001,0,267812000,31810,267812000,"15",2000,"'00–'01",172.2,1.37477351916376
"Hawaii",2002,0,270527000,33063,270527000,"15",2001,"'01–'02",177.1,1.33673630717109
"Hawaii",2003,0,302030048,34420,302030048,"15",2002,"'02–'03",179.9,1.31593107281823
"Hawaii",2004,0,328445296,35441,328445296,"15",2003,"'03–'04",184,1.28660869565217
"Hawaii",2005,0,334792180,35733,334792180,"15",2004,"'04–'05",188.9,1.25323451561673
"Hawaii",2006,0,384013383,35337,384013383,"15",2005,"'05–'06",195.3,1.21216589861751
"Hawaii",2007,0,426961535,35010,426961535,"15",2006,"'06–'07",201.6,1.17428571428571
"Hawaii",2008,0,466408097,35469,466408097,"15",2007,"'07–'08",207.342,1.14176577827936
"Hawaii",2009,0,501392119,37070,501392119,"15",2008,"'08–'09",215.303,1.09954807875413
"Hawaii",2010,0,473803715,39857,473803715,"15",2009,"'09–'10",214.537,1.10347399283107
"Hawaii",2011,0,435243076,40743,435243076,"15",2010,"'10–'11",218.056,1.08566606743222
"Hawaii",2012,0,433323877,40612,433323877,"15",2011,"'11–'12",224.939,1.0524453296227
"Hawaii",2013,0,438366446,41088,438366446,"15",2012,"'12–'13",229.594,1.03110708467991
"Hawaii",2014,0,444736681,40417,444736681,"15",2013,"'13–'14",232.957,1.01622187785729
"Hawaii",2015,0,478070495,39432,478070495,"15",2014,"'14–'15",236.736,1
"Idaho",2000,10822200,273092900,38853,262270700,"16",1999,"'99–'00",166.6,1.4209843937575
"Idaho",2001,8256000,299412525,39495,291156525,"16",2000,"'00–'01",172.2,1.37477351916376
"Idaho",2002,7211800,334792625,41593,327580825,"16",2001,"'01–'02",177.1,1.33673630717109
"Idaho",2003,7846000,310538038,43104,302692038,"16",2002,"'02–'03",179.9,1.31593107281823
"Idaho",2004,8468400,313089354,45184,304620954,"16",2003,"'03–'04",184,1.28660869565217
"Idaho",2005,9400600,323142733,45024,313742133,"16",2004,"'04–'05",188.9,1.25323451561673
"Idaho",2006,9520200,334073061,44504,324552861,"16",2005,"'05–'06",195.3,1.21216589861751
"Idaho",2007,11437100,347911884,43378,336474784,"16",2006,"'06–'07",201.6,1.17428571428571
"Idaho",2008,12406800,381872662,43968,369465862,"16",2007,"'07–'08",207.342,1.14176577827936
"Idaho",2009,13321900,384974010,44705,371652110,"16",2008,"'08–'09",215.303,1.09954807875413
"Idaho",2010,21841300,354996631,49251,333155331,"16",2009,"'09–'10",214.537,1.10347399283107
"Idaho",2011,21841300,334221383,53201,312380083,"16",2010,"'10–'11",218.056,1.08566606743222
"Idaho",2012,22577100,320499223,58980,297922123,"16",2011,"'11–'12",224.939,1.0524453296227
"Idaho",2013,24588000,347801088,57837,323213088,"16",2012,"'12–'13",229.594,1.03110708467991
"Idaho",2014,25101000,361460367,56177,336359367,"16",2013,"'13–'14",232.957,1.01622187785729
"Idaho",2015,26034800,386580279,56726,360545479,"16",2014,"'14–'15",236.736,1
"Illinois",2000,516997706,2388516028,345881,1871518322,"17",1999,"'99–'00",166.6,1.4209843937575
"Illinois",2001,545510797,2539794407,340301,1994283610,"17",2000,"'00–'01",172.2,1.37477351916376
"Illinois",2002,579782537,2678174217,349331,2098391680,"17",2001,"'01–'02",177.1,1.33673630717109
"Illinois",2003,601446604,2552479791,366296,1951033187,"17",2002,"'02–'03",179.9,1.31593107281823
"Illinois",2004,600099897,2548381301,385517,1948281404,"17",2003,"'03–'04",184,1.28660869565217
"Illinois",2005,630343688,2590445327,380424,1960101639,"17",2004,"'04–'05",188.9,1.25323451561673
"Illinois",2006,675104076,2573447599,387964,1898343523,"17",2005,"'05–'06",195.3,1.21216589861751
"Illinois",2007,721075467,2780183026,390359.29,2059107559,"17",2006,"'06–'07",201.6,1.17428571428571
"Illinois",2008,750278591,2908167119,391385.79,2157888528,"17",2007,"'07–'08",207.342,1.14176577827936
"Illinois",2009,798164270,3010521724,397018.4,2212357454,"17",2008,"'08–'09",215.303,1.09954807875413
"Illinois",2010,808909356,3395495747,424716,2586586391,"17",2009,"'09–'10",214.537,1.10347399283107
"Illinois",2011,831016911,3265011006,456728,2433994095,"17",2010,"'10–'11",218.056,1.08566606743222
"Illinois",2012,840215746,3627477342,456285,2787261596,"17",2011,"'11–'12",224.939,1.0524453296227
"Illinois",2013,834597794,3576392031,447681,2741794237,"17",2012,"'12–'13",229.594,1.03110708467991
"Illinois",2014,832361475,4051036229,436794,3218674754,"17",2013,"'13–'14",232.957,1.01622187785729
"Illinois",2015,844779347,4920098370,423146,4075319023,"17",2014,"'14–'15",236.736,1
"Indiana",2000,0,1018222000,187225,1018222000,"18",1999,"'99–'00",166.6,1.4209843937575
"Indiana",2001,0,1061757000,192803,1061757000,"18",2000,"'00–'01",172.2,1.37477351916376
"Indiana",2002,0,968807683,203209,968807683,"18",2001,"'01–'02",177.1,1.33673630717109
"Indiana",2003,0,1080376092,212951,1080376092,"18",2002,"'02–'03",179.9,1.31593107281823
"Indiana",2004,0,1114488983,218122,1114488983,"18",2003,"'03–'04",184,1.28660869565217
"Indiana",2005,0,1166947113,220852,1166947113,"18",2004,"'04–'05",188.9,1.25323451561673
"Indiana",2006,0,1174418827,218051,1174418827,"18",2005,"'05–'06",195.3,1.21216589861751
"Indiana",2007,0,1195491991,222980,1195491991,"18",2006,"'06–'07",201.6,1.17428571428571
"Indiana",2008,0,1237416872,230323,1237416872,"18",2007,"'07–'08",207.342,1.14176577827936
"Indiana",2009,0,1330199587,239827,1330199587,"18",2008,"'08–'09",215.303,1.09954807875413
"Indiana",2010,0,1317912087,251213,1317912087,"18",2009,"'09–'10",214.537,1.10347399283107
"Indiana",2011,0,1286297891,265472,1286297891,"18",2010,"'10–'11",218.056,1.08566606743222
"Indiana",2012,0,1274425567,257214,1274425567,"18",2011,"'11–'12",224.939,1.0524453296227
"Indiana",2013,0,1273150164,252848,1273150164,"18",2012,"'12–'13",229.594,1.03110708467991
"Indiana",2014,0,1417227995,249019,1417227995,"18",2013,"'13–'14",232.957,1.01622187785729
"Indiana",2015,0,1393756993,249218,1393756993,"18",2014,"'14–'15",236.736,1
"Iowa",2000,31481706,677617615,103390,646135909,"19",1999,"'99–'00",166.6,1.4209843937575
"Iowa",2001,33962198,706672754,105545,672710556,"19",2000,"'00–'01",172.2,1.37477351916376
"Iowa",2002,35248569,651921501,110834,616672932,"19",2001,"'01–'02",177.1,1.33673630717109
"Iowa",2003,42533213,653708676,115060,611175463,"19",2002,"'02–'03",179.9,1.31593107281823
"Iowa",2004,42016147,618091623,117664,576075476,"19",2003,"'03–'04",184,1.28660869565217
"Iowa",2005,41404028,621638579,117737,580234551,"19",2004,"'04–'05",188.9,1.25323451561673
"Iowa",2006,45680340,652720724,112341,607040384,"19",2005,"'05–'06",195.3,1.21216589861751
"Iowa",2007,48315156,678357011,112934,630041855,"19",2006,"'06–'07",201.6,1.17428571428571
"Iowa",2008,47297847,732888698,115011,685590851,"19",2007,"'07–'08",207.342,1.14176577827936
"Iowa",2009,50217949,767162750,117254,716944801,"19",2008,"'08–'09",215.303,1.09954807875413
"Iowa",2010,53564559,747052457,127128,693487898,"19",2009,"'09–'10",214.537,1.10347399283107
"Iowa",2011,57787940,648260049,132744,590472109,"19",2010,"'10–'11",218.056,1.08566606743222
"Iowa",2012,59256908,633500718,132423,574243810,"19",2011,"'11–'12",224.939,1.0524453296227
"Iowa",2013,63778983,683894842,129669,620115859,"19",2012,"'12–'13",229.594,1.03110708467991
"Iowa",2014,72428035,715192428,127407,642764393,"19",2013,"'13–'14",232.957,1.01622187785729
"Iowa",2015,72835736,742434582,124883,669598846,"19",2014,"'14–'15",236.736,1
"Kansas",2000,137916000,609300864,99430,471384864,"20",1999,"'99–'00",166.6,1.4209843937575
"Kansas",2001,145291000,647711318,100476,502420318,"20",2000,"'00–'01",172.2,1.37477351916376
"Kansas",2002,147376000,671538049,104341,524162049,"20",2001,"'01–'02",177.1,1.33673630717109
"Kansas",2003,128325000,628022524,109045,499697524,"20",2002,"'02–'03",179.9,1.31593107281823
"Kansas",2004,149771629,654808166,110243,505036537,"20",2003,"'03–'04",184,1.28660869565217
"Kansas",2005,159497485,698560363,111948,539062878,"20",2004,"'04–'05",188.9,1.25323451561673
"Kansas",2006,165596398,739285617,127645,573689219,"20",2005,"'05–'06",195.3,1.21216589861751
"Kansas",2007,176097796,756810166,127245,580712370,"20",2006,"'06–'07",201.6,1.17428571428571
"Kansas",2008,184994002,794681530,127117,609687528,"20",2007,"'07–'08",207.342,1.14176577827936
"Kansas",2009,195062481,796440957,129377,601378476,"20",2008,"'08–'09",215.303,1.09954807875413
"Kansas",2010,188836291,785116448,137374,596280157,"20",2009,"'09–'10",214.537,1.10347399283107
"Kansas",2011,187133983,784227321,141789,597093338,"20",2010,"'10–'11",218.056,1.08566606743222
"Kansas",2012,191116940,784504492,142967,593387552,"20",2011,"'11–'12",224.939,1.0524453296227
"Kansas",2013,193937576,793332707,140182,599395131,"20",2012,"'12–'13",229.594,1.03110708467991
"Kansas",2014,206174479,784700743,138310,578526264,"20",2013,"'13–'14",232.957,1.01622187785729
"Kansas",2015,211811653,805723514,137036,593911861,"20",2014,"'14–'15",236.736,1
"Kentucky",2000,0,765353300,113568,765353300,"21",1999,"'99–'00",166.6,1.4209843937575
"Kentucky",2001,0,836518400,119500,836518400,"21",2000,"'00–'01",172.2,1.37477351916376
"Kentucky",2002,0,914762400,131313,914762400,"21",2001,"'01–'02",177.1,1.33673630717109
"Kentucky",2003,0,891037465,141005,891037465,"21",2002,"'02–'03",179.9,1.31593107281823
"Kentucky",2004,0,899437200,140056,899437200,"21",2003,"'03–'04",184,1.28660869565217
"Kentucky",2005,0,840239200,140579,840239200,"21",2004,"'04–'05",188.9,1.25323451561673
"Kentucky",2006,0,950699969,140769,950699969,"21",2005,"'05–'06",195.3,1.21216589861751
"Kentucky",2007,13638300,986879000,140621,973240700,"21",2006,"'06–'07",201.6,1.17428571428571
"Kentucky",2008,14419500,1071393200,142382,1056973700,"21",2007,"'07–'08",207.342,1.14176577827936
"Kentucky",2009,14017057,1031688800,144641,1017671743,"21",2008,"'08–'09",215.303,1.09954807875413
"Kentucky",2010,16393806,1042239378,154247,1025845572,"21",2009,"'09–'10",214.537,1.10347399283107
"Kentucky",2011,18217000,1041368368,159806,1023151368,"21",2010,"'10–'11",218.056,1.08566606743222
"Kentucky",2012,17456600,996551969,159306,979095369,"21",2011,"'11–'12",224.939,1.0524453296227
"Kentucky",2013,19311600,973372955,155586,954061355,"21",2012,"'12–'13",229.594,1.03110708467991
"Kentucky",2014,20337900,978625429,154782,958287529,"21",2013,"'13–'14",232.957,1.01622187785729
"Kentucky",2015,21974600,986133208,152317,964158608,"21",2014,"'14–'15",236.736,1
"Louisiana",2000,0,785439755,170175,785439755,"22",1999,"'99–'00",166.6,1.4209843937575
"Louisiana",2001,0,789252289,168121,789252289,"22",2000,"'00–'01",172.2,1.37477351916376
"Louisiana",2002,0,892170826,172092,892170826,"22",2001,"'01–'02",177.1,1.33673630717109
"Louisiana",2003,0,935828023,177275,935828023,"22",2002,"'02–'03",179.9,1.31593107281823
"Louisiana",2004,0,925480367,183276,925480367,"22",2003,"'03–'04",184,1.28660869565217
"Louisiana",2005,0,953707888,183409,953707888,"22",2004,"'04–'05",188.9,1.25323451561673
"Louisiana",2006,0,953377039,166536,953377039,"22",2005,"'05–'06",195.3,1.21216589861751
"Louisiana",2007,0,1106675165,166671,1106675165,"22",2006,"'06–'07",201.6,1.17428571428571
"Louisiana",2008,0,1284529009,165781,1284529009,"22",2007,"'07–'08",207.342,1.14176577827936
"Louisiana",2009,0,1288295233,169602.46,1288295233,"22",2008,"'08–'09",215.303,1.09954807875413
"Louisiana",2010,0,1174964909,178931,1174964909,"22",2009,"'09–'10",214.537,1.10347399283107
"Louisiana",2011,0,1267862139,183633,1267862139,"22",2010,"'10–'11",218.056,1.08566606743222
"Louisiana",2012,0,936655401,181589.28,936655401,"22",2011,"'11–'12",224.939,1.0524453296227
"Louisiana",2013,0,864031760,174552,864031760,"22",2012,"'12–'13",229.594,1.03110708467991
"Louisiana",2014,0,845140930,168001.19,845140930,"22",2013,"'13–'14",232.957,1.01622187785729
"Louisiana",2015,0,852046487,165329,852046487,"22",2014,"'14–'15",236.736,1
"Maine",2000,0,183682170,28910,183682170,"23",1999,"'99–'00",166.6,1.4209843937575
"Maine",2001,0,198847419,29287,198847419,"23",2000,"'00–'01",172.2,1.37477351916376
"Maine",2002,0,208327822,30560,208327822,"23",2001,"'01–'02",177.1,1.33673630717109
"Maine",2003,0,205381523,32736,205381523,"23",2002,"'02–'03",179.9,1.31593107281823
"Maine",2004,0,203660424,34516,203660424,"23",2003,"'03–'04",184,1.28660869565217
"Maine",2005,0,210730082,35167,210730082,"23",2004,"'04–'05",188.9,1.25323451561673
"Maine",2006,0,212865995,35235,212865995,"23",2005,"'05–'06",195.3,1.21216589861751
"Maine",2007,0,223824045,35514,223824045,"23",2006,"'06–'07",201.6,1.17428571428571
"Maine",2008,0,237352133,35533,237352133,"23",2007,"'07–'08",207.342,1.14176577827936
"Maine",2009,0,235615934,35968,235615934,"23",2008,"'08–'09",215.303,1.09954807875413
"Maine",2010,0,235020837,37517,235020837,"23",2009,"'09–'10",214.537,1.10347399283107
"Maine",2011,0,242675082,38284,242675082,"23",2010,"'10–'11",218.056,1.08566606743222
"Maine",2012,0,236918267,37897,236918267,"23",2011,"'11–'12",224.939,1.0524453296227
"Maine",2013,0,231417606,37342,231417606,"23",2012,"'12–'13",229.594,1.03110708467991
"Maine",2014,0,237051931,36577,237051931,"23",2013,"'13–'14",232.957,1.01622187785729
"Maine",2015,0,240717241,35608,240717241,"23",2014,"'14–'15",236.736,1
"Maryland",2000,175153521,872638069,167438,697484548,"24",1999,"'99–'00",166.6,1.4209843937575
"Maryland",2001,185333855,1255251377,175085,1069917522,"24",2000,"'00–'01",172.2,1.37477351916376
"Maryland",2002,197053811,1276324694,174136,1079270883,"24",2001,"'01–'02",177.1,1.33673630717109
"Maryland",2003,205925400,1178107377,168261,972181977,"24",2002,"'02–'03",179.9,1.31593107281823
"Maryland",2004,215323319,1133678255,165502,918354936,"24",2003,"'03–'04",184,1.28660869565217
"Maryland",2005,233019244,1175634849,196626,942615605,"24",2004,"'04–'05",188.9,1.25323451561673
"Maryland",2006,253562568,1237913156,192614,984350588,"24",2005,"'05–'06",195.3,1.21216589861751
"Maryland",2007,284332649,1472786224,197966,1188453575,"24",2006,"'06–'07",201.6,1.17428571428571
"Maryland",2008,312219454,1569011572,207255,1256792118,"24",2007,"'07–'08",207.342,1.14176577827936
"Maryland",2009,326426369,1641311367,231079,1314884998,"24",2008,"'08–'09",215.303,1.09954807875413
"Maryland",2010,328368034,1660420682,231188.76,1332052648,"24",2009,"'09–'10",214.537,1.10347399283107
"Maryland",2011,319202790,1613594000,238741.69,1294391210,"24",2010,"'10–'11",218.056,1.08566606743222
"Maryland",2012,310438597,1618746129,242955,1308307532,"24",2011,"'11–'12",224.939,1.0524453296227
"Maryland",2013,317800946,1616149776,238813.85,1298348830,"24",2012,"'12–'13",229.594,1.03110708467991
"Maryland",2014,330349207,1723884639,232629.64,1393535432,"24",2013,"'13–'14",232.957,1.01622187785729
"Maryland",2015,354145225,1825993598,231570.4,1471848373,"24",2014,"'14–'15",236.736,1
"Massachusetts",2000,0,974800000,118949,974800000,"25",1999,"'99–'00",166.6,1.4209843937575
"Massachusetts",2001,0,1069989063,119717,1069989063,"25",2000,"'00–'01",172.2,1.37477351916376
"Massachusetts",2002,0,980055691,123602,980055691,"25",2001,"'01–'02",177.1,1.33673630717109
"Massachusetts",2003,0,951190355,137045,951190355,"25",2002,"'02–'03",179.9,1.31593107281823
"Massachusetts",2004,0,847333321,137279,847333321,"25",2003,"'03–'04",184,1.28660869565217
"Massachusetts",2005,0,966865652,137677,966865652,"25",2004,"'04–'05",188.9,1.25323451561673
"Massachusetts",2006,0,1071141063,139874,1071141063,"25",2005,"'05–'06",195.3,1.21216589861751
"Massachusetts",2007,0,1176223601,143565,1176223601,"25",2006,"'06–'07",201.6,1.17428571428571
"Massachusetts",2008,0,1264134100,148288,1264134100,"25",2007,"'07–'08",207.342,1.14176577827936
"Massachusetts",2009,0,1159615567,155387,1159615567,"25",2008,"'08–'09",215.303,1.09954807875413
"Massachusetts",2010,0,1134027749,165244,1134027749,"25",2009,"'09–'10",214.537,1.10347399283107
"Massachusetts",2011,0,1137124193,168671,1137124193,"25",2010,"'10–'11",218.056,1.08566606743222
"Massachusetts",2012,0,1121562136.46,170220.7,1121562136.46,"25",2011,"'11–'12",224.939,1.0524453296227
"Massachusetts",2013,0,1171537382.08,171974.4,1171537382.08,"25",2012,"'12–'13",229.594,1.03110708467991
"Massachusetts",2014,0,1258601807.78,172573.9,1258601807.78,"25",2013,"'13–'14",232.957,1.01622187785729
"Massachusetts",2015,0,1380605096.65,170703,1380605096.65,"25",2014,"'14–'15",236.736,1
"Michigan",2000,325600000,2097300000,327342,1771700000,"26",1999,"'99–'00",166.6,1.4209843937575
"Michigan",2001,339700000,2274300000,333584,1934600000,"26",2000,"'00–'01",172.2,1.37477351916376
"Michigan",2002,416900000,2380700000,350261,1963800000,"26",2001,"'01–'02",177.1,1.33673630717109
"Michigan",2003,4.43e+08,2302509613,352290,1859509613,"26",2002,"'02–'03",179.9,1.31593107281823
"Michigan",2004,4.6e+08,2176260500,368600,1716260500,"26",2003,"'03–'04",184,1.28660869565217
"Michigan",2005,483847300,2173181000,371950,1689333700,"26",2004,"'04–'05",188.9,1.25323451561673
"Michigan",2006,509696400,2259473450,378034,1749777050,"26",2005,"'05–'06",195.3,1.21216589861751
"Michigan",2007,534490800,2311949281,384455,1777458481,"26",2006,"'06–'07",201.6,1.17428571428571
"Michigan",2008,565647618,2347849381,395019,1782201763,"26",2007,"'07–'08",207.342,1.14176577827936
"Michigan",2009,566968909,2362134970,409270,1795166061,"26",2008,"'08–'09",215.303,1.09954807875413
"Michigan",2010,565647618,2292354481,434490,1726706863,"26",2009,"'09–'10",214.537,1.10347399283107
"Michigan",2011,522913424,2188689401,435592,1665775977,"26",2010,"'10–'11",218.056,1.08566606743222
"Michigan",2012,482550093,1893305965,423785,1410755872,"26",2011,"'11–'12",224.939,1.0524453296227
"Michigan",2013,503069556,1972444618,411770,1469375062,"26",2012,"'12–'13",229.594,1.03110708467991
"Michigan",2014,511261301,2039963756,400859,1528702455,"26",2013,"'13–'14",232.957,1.01622187785729
"Michigan",2015,531499183,2169518469,392275,1638019286,"26",2014,"'14–'15",236.736,1
"Minnesota",2000,0,1109800000,161383,1109800000,"27",1999,"'99–'00",166.6,1.4209843937575
"Minnesota",2001,0,1134438000,167238,1134438000,"27",2000,"'00–'01",172.2,1.37477351916376
"Minnesota",2002,0,1207725000,176545,1207725000,"27",2001,"'01–'02",177.1,1.33673630717109
"Minnesota",2003,0,1060563000,185452,1060563000,"27",2002,"'02–'03",179.9,1.31593107281823
"Minnesota",2004,0,1056311000,189848,1056311000,"27",2003,"'03–'04",184,1.28660869565217
"Minnesota",2005,0,1044511000,190087,1044511000,"27",2004,"'04–'05",188.9,1.25323451561673
"Minnesota",2006,0,1116384000,189009,1116384000,"27",2005,"'05–'06",195.3,1.21216589861751
"Minnesota",2007,0,1145995000,191456,1145995000,"27",2006,"'06–'07",201.6,1.17428571428571
"Minnesota",2008,0,1300087000,196014,1300087000,"27",2007,"'07–'08",207.342,1.14176577827936
"Minnesota",2009,0,1289567532,200732,1289567532,"27",2008,"'08–'09",215.303,1.09954807875413
"Minnesota",2010,0,1306341577,215009,1306341577,"27",2009,"'09–'10",214.537,1.10347399283107
"Minnesota",2011,0,1140802239,214342,1140802239,"27",2010,"'10–'11",218.056,1.08566606743222
"Minnesota",2012,0,1047169194,214055,1047169194,"27",2011,"'11–'12",224.939,1.0524453296227
"Minnesota",2013,0,1031597004,209666,1031597004,"27",2012,"'12–'13",229.594,1.03110708467991
"Minnesota",2014,0,1133505098,203754,1133505098,"27",2013,"'13–'14",232.957,1.01622187785729
"Minnesota",2015,0,1183919022,197724,1183919022,"27",2014,"'14–'15",236.736,1
"Mississippi",2000,36067756,627298756,100634,591231000,"28",1999,"'99–'00",166.6,1.4209843937575
"Mississippi",2001,37783265,582858999,102490,545075734,"28",2000,"'00–'01",172.2,1.37477351916376
"Mississippi",2002,39990827,553488176,107110,513497349,"28",2001,"'01–'02",177.1,1.33673630717109
"Mississippi",2003,41550067,561219754,111650,519669687,"28",2002,"'02–'03",179.9,1.31593107281823
"Mississippi",2004,43081904,575490672,115613,532408768,"28",2003,"'03–'04",184,1.28660869565217
"Mississippi",2005,44701273,578822360,118060,534121087,"28",2004,"'04–'05",188.9,1.25323451561673
"Mississippi",2006,45232361,594910472,117731,549678111,"28",2005,"'05–'06",195.3,1.21216589861751
"Mississippi",2007,47833006,657648338,115739,609815332,"28",2006,"'06–'07",201.6,1.17428571428571
"Mississippi",2008,49409664,768053490,118871,718643826,"28",2007,"'07–'08",207.342,1.14176577827936
"Mississippi",2009,48109277,717054797.08,118572,668945520.08,"28",2008,"'08–'09",215.303,1.09954807875413
"Mississippi",2010,50118262,796728225,127025,746609963,"28",2009,"'09–'10",214.537,1.10347399283107
"Mississippi",2011,50808246,754966190,138859,704157944,"28",2010,"'10–'11",218.056,1.08566606743222
"Mississippi",2012,51600789,694142103,139853,642541314,"28",2011,"'11–'12",224.939,1.0524453296227
"Mississippi",2013,53179486,700799740,132114,647620254,"28",2012,"'12–'13",229.594,1.03110708467991
"Mississippi",2014,53200334,727455690,130436,674255356,"28",2013,"'13–'14",232.957,1.01622187785729
"Mississippi",2015,54318644,763003545,129481,708684901,"28",2014,"'14–'15",236.736,1
"Missouri",2000,92501271,1002689270,154631,910187999,"29",1999,"'99–'00",166.6,1.4209843937575
"Missouri",2001,96922894,1052465926,156588,955543032,"29",2000,"'00–'01",172.2,1.37477351916376
"Missouri",2002,102129194,928402986,163408,826273792,"29",2001,"'01–'02",177.1,1.33673630717109
"Missouri",2003,1.02e+08,943946518,166014,841946518,"29",2002,"'02–'03",179.9,1.31593107281823
"Missouri",2004,111343336,967730455,167742,856387119,"29",2003,"'03–'04",184,1.28660869565217
"Missouri",2005,115928657,991538020,158958,875609363,"29",2004,"'04–'05",188.9,1.25323451561673
"Missouri",2006,120469832,997826662,160918,877356830,"29",2005,"'05–'06",195.3,1.21216589861751
"Missouri",2007,127851570,1058317439,163354,930465869,"29",2006,"'06–'07",201.6,1.17428571428571
"Missouri",2008,133004087,1081989828,164160,948985741,"29",2007,"'07–'08",207.342,1.14176577827936
"Missouri",2009,137823363,1163886138.6,177751,1026062775.6,"29",2008,"'08–'09",215.303,1.09954807875413
"Missouri",2010,138305567,1153079258,191608,1014773691,"29",2009,"'09–'10",214.537,1.10347399283107
"Missouri",2011,139963141,1086937580,197890,946974439,"29",2010,"'10–'11",218.056,1.08566606743222
"Missouri",2012,140949671,1029725715,196360,888776044,"29",2011,"'11–'12",224.939,1.0524453296227
"Missouri",2013,139865354,1024095544,196659,884230190,"29",2012,"'12–'13",229.594,1.03110708467991
"Missouri",2014,144182662,1042226798,196831,898044136,"29",2013,"'13–'14",232.957,1.01622187785729
"Missouri",2015,145760935,1137139042,186936,991378107,"29",2014,"'14–'15",236.736,1
"Montana",2000,2632945,126156875,33578,123523930,"30",1999,"'99–'00",166.6,1.4209843937575
"Montana",2001,3100659,129894938,33660,126794279,"30",2000,"'00–'01",172.2,1.37477351916376
"Montana",2002,3089974,136484282,34333,133394308,"30",2001,"'01–'02",177.1,1.33673630717109
"Montana",2003,3297734,130219422,34975,126921688,"30",2002,"'02–'03",179.9,1.31593107281823
"Montana",2004,3554806,134628751,35785,131073945,"30",2003,"'03–'04",184,1.28660869565217
"Montana",2005,3442028,135608365,35259,132166337,"30",2004,"'04–'05",188.9,1.25323451561673
"Montana",2006,3716663,154359669,35429,150643006,"30",2005,"'05–'06",195.3,1.21216589861751
"Montana",2007,3840901,151654935,35293,147814034,"30",2006,"'06–'07",201.6,1.17428571428571
"Montana",2008,4190928,175634257,35556,171443329,"30",2007,"'07–'08",207.342,1.14176577827936
"Montana",2009,4338836,185055743,36388,180716907,"30",2008,"'08–'09",215.303,1.09954807875413
"Montana",2010,5272085,189023770,38909,183751685,"30",2009,"'09–'10",214.537,1.10347399283107
"Montana",2011,5868909,190837778,40961,184968869,"30",2010,"'10–'11",218.056,1.08566606743222
"Montana",2012,6036745,182494506,40847,176457761,"30",2011,"'11–'12",224.939,1.0524453296227
"Montana",2013,6120673,182151670,40169,176030997,"30",2012,"'12–'13",229.594,1.03110708467991
"Montana",2014,6817862,205915499,39484,199097637,"30",2013,"'13–'14",232.957,1.01622187785729
"Montana",2015,7381246,219892201,38732,212510955,"30",2014,"'14–'15",236.736,1
"Nebraska",2000,22500000,334100000,64860,311600000,"31",1999,"'99–'00",166.6,1.4209843937575
"Nebraska",2001,19900000,345400000,65725,325500000,"31",2000,"'00–'01",172.2,1.37477351916376
"Nebraska",2002,50800000,388200000,67683,337400000,"31",2001,"'01–'02",177.1,1.33673630717109
"Nebraska",2003,54891045,401179848,68672,346288803,"31",2002,"'02–'03",179.9,1.31593107281823
"Nebraska",2004,63092338,388446196,71310,325353858,"31",2003,"'03–'04",184,1.28660869565217
"Nebraska",2005,75776042,423214265,71932,347438223,"31",2004,"'04–'05",188.9,1.25323451561673
"Nebraska",2006,77800376,505795071,72622,427994695,"31",2005,"'05–'06",195.3,1.21216589861751
"Nebraska",2007,81510779,543741074,73940,462230295,"31",2006,"'06–'07",201.6,1.17428571428571
"Nebraska",2008,83042379,594566201,75451,511523822,"31",2007,"'07–'08",207.342,1.14176577827936
"Nebraska",2009,101596890,598766080,77825.08,497169190,"31",2008,"'08–'09",215.303,1.09954807875413
"Nebraska",2010,119521040,606340562,83206,486819522,"31",2009,"'09–'10",214.537,1.10347399283107
"Nebraska",2011,119728971,619676438,84384,499947467,"31",2010,"'10–'11",218.056,1.08566606743222
"Nebraska",2012,125743540,619293008,83861,493549468,"31",2011,"'11–'12",224.939,1.0524453296227
"Nebraska",2013,132455650,630872986,81175,498417336,"31",2012,"'12–'13",229.594,1.03110708467991
"Nebraska",2014,135554459,660114177,79704,524559718,"31",2013,"'13–'14",232.957,1.01622187785729
"Nebraska",2015,145997421,696098327,79182,550100906,"31",2014,"'14–'15",236.736,1
"Nevada",2000,0,279839062,46809,279839062,"32",1999,"'99–'00",166.6,1.4209843937575
"Nevada",2001,0,285107338,48107,285107338,"32",2000,"'00–'01",172.2,1.37477351916376
"Nevada",2002,0,311294069,49953,311294069,"32",2001,"'01–'02",177.1,1.33673630717109
"Nevada",2003,0,320402489,54037,320402489,"32",2002,"'02–'03",179.9,1.31593107281823
"Nevada",2004,0,431425976,57219,431425976,"32",2003,"'03–'04",184,1.28660869565217
"Nevada",2005,0,453241527,59746,453241527,"32",2004,"'04–'05",188.9,1.25323451561673
"Nevada",2006,0,495204161,60948,495204161,"32",2005,"'05–'06",195.3,1.21216589861751
"Nevada",2007,0,526719406,61323,526719406,"32",2006,"'06–'07",201.6,1.17428571428571
"Nevada",2008,0,550520781,63324,550520781,"32",2007,"'07–'08",207.342,1.14176577827936
"Nevada",2009,0,553616424,65665,553616424,"32",2008,"'08–'09",215.303,1.09954807875413
"Nevada",2010,0,516471637,68799,516471637,"32",2009,"'09–'10",214.537,1.10347399283107
"Nevada",2011,0,489764038,69169,489764038,"32",2010,"'10–'11",218.056,1.08566606743222
"Nevada",2012,0,415728288,65238,415728288,"32",2011,"'11–'12",224.939,1.0524453296227
"Nevada",2013,0,420908477,65917,420908477,"32",2012,"'12–'13",229.594,1.03110708467991
"Nevada",2014,0,430154390,64497,430154390,"32",2013,"'13–'14",232.957,1.01622187785729
"Nevada",2015,0,431695239,66924,431695239,"32",2014,"'14–'15",236.736,1
"New Hampshire",2000,0,96300000,28862,96300000,"33",1999,"'99–'00",166.6,1.4209843937575
"New Hampshire",2001,0,103300000,26506,103300000,"33",2000,"'00–'01",172.2,1.37477351916376
"New Hampshire",2002,0,90178225,27455,90178225,"33",2001,"'01–'02",177.1,1.33673630717109
"New Hampshire",2003,0,93334203,28068,93334203,"33",2002,"'02–'03",179.9,1.31593107281823
"New Hampshire",2004,0,99055727,30495,99055727,"33",2003,"'03–'04",184,1.28660869565217
"New Hampshire",2005,0,101796786,30885,101796786,"33",2004,"'04–'05",188.9,1.25323451561673
"New Hampshire",2006,0,103083613,31720,103083613,"33",2005,"'05–'06",195.3,1.21216589861751
"New Hampshire",2007,0,108139652,32092,108139652,"33",2006,"'06–'07",201.6,1.17428571428571
"New Hampshire",2008,0,116929188,32982,116929188,"33",2007,"'07–'08",207.342,1.14176577827936
"New Hampshire",2009,0,121736762,34311,121736762,"33",2008,"'08–'09",215.303,1.09954807875413
"New Hampshire",2010,0,127897496,39171,127897496,"33",2009,"'09–'10",214.537,1.10347399283107
"New Hampshire",2011,0,121140173,39036,121140173,"33",2010,"'10–'11",218.056,1.08566606743222
"New Hampshire",2012,0,71728980,39099,71728980,"33",2011,"'11–'12",224.939,1.0524453296227
"New Hampshire",2013,0,73983294,39224,73983294,"33",2012,"'12–'13",229.594,1.03110708467991
"New Hampshire",2014,0,97360942,36988,97360942,"33",2013,"'13–'14",232.957,1.01622187785729
"New Hampshire",2015,0,111515942,38398,111515942,"33",2014,"'14–'15",236.736,1
"New Jersey",2000,165645726,1401929153,171563,1236283427,"34",1999,"'99–'00",166.6,1.4209843937575
"New Jersey",2001,172667101,1336886486,178671,1164219385,"34",2000,"'00–'01",172.2,1.37477351916376
"New Jersey",2002,170885542,1410310753,188839,1239425211,"34",2001,"'01–'02",177.1,1.33673630717109
"New Jersey",2003,174784207,1580754185,194846,1405969978,"34",2002,"'02–'03",179.9,1.31593107281823
"New Jersey",2004,185935000,1627492000,201756,1441557000,"34",2003,"'03–'04",184,1.28660869565217
"New Jersey",2005,192183000,1744681000,226969,1552498000,"34",2004,"'04–'05",188.9,1.25323451561673
"New Jersey",2006,197359000,1857664000,228080,1660305000,"34",2005,"'05–'06",195.3,1.21216589861751
"New Jersey",2007,202719000,1826236000,229968,1623517000,"34",2006,"'06–'07",201.6,1.17428571428571
"New Jersey",2008,210655000,1894704000,238040,1684049000,"34",2007,"'07–'08",207.342,1.14176577827936
"New Jersey",2009,218206000,1863887000,246215,1645681000,"34",2008,"'08–'09",215.303,1.09954807875413
"New Jersey",2010,212956000,1916123966,268066,1703167966,"34",2009,"'09–'10",214.537,1.10347399283107
"New Jersey",2011,211912000,1979575000,277147,1767663000,"34",2010,"'10–'11",218.056,1.08566606743222
"New Jersey",2012,193967000,1883599521,278868,1689632521,"34",2011,"'11–'12",224.939,1.0524453296227
"New Jersey",2013,194039000,1762007000,276052,1567968000,"34",2012,"'12–'13",229.594,1.03110708467991
"New Jersey",2014,194116586,1822055586,274341,1627939000,"34",2013,"'13–'14",232.957,1.01622187785729
"New Jersey",2015,201908000,1808629000,270053,1606721000,"34",2014,"'14–'15",236.736,1
"New Mexico",2000,59457000,549460600,67277,490003600,"35",1999,"'99–'00",166.6,1.4209843937575
"New Mexico",2001,55099500,429157400,66847,374057900,"35",2000,"'00–'01",172.2,1.37477351916376
"New Mexico",2002,55099400,474880500,68579,419781100,"35",2001,"'01–'02",177.1,1.33673630717109
"New Mexico",2003,59456900,612336600,75847,552879700,"35",2002,"'02–'03",179.9,1.31593107281823
"New Mexico",2004,61718500,635984900,79634,574266400,"35",2003,"'03–'04",184,1.28660869565217
"New Mexico",2005,64465600,664907812,79219,600442212,"35",2004,"'04–'05",188.9,1.25323451561673
"New Mexico",2006,65565600,739616539,79645,674050939,"35",2005,"'05–'06",195.3,1.21216589861751
"New Mexico",2007,72586700,709172623,83224,636585923,"35",2006,"'06–'07",201.6,1.17428571428571
"New Mexico",2008,94954010,775802566,85203,680848556,"35",2007,"'07–'08",207.342,1.14176577827936
"New Mexico",2009,101821014,706110405,89450,604289391,"35",2008,"'08–'09",215.303,1.09954807875413
"New Mexico",2010,105421984,696261841,98709,590839857,"35",2009,"'09–'10",214.537,1.10347399283107
"New Mexico",2011,112158500,682131478,92078,569972978,"35",2010,"'10–'11",218.056,1.08566606743222
"New Mexico",2012,116817560,716242939,97719,599425379,"35",2011,"'11–'12",224.939,1.0524453296227
"New Mexico",2013,119073161,789864474,101239,670791313,"35",2012,"'12–'13",229.594,1.03110708467991
"New Mexico",2014,127105610,770882071,98630,643776461,"35",2013,"'13–'14",232.957,1.01622187785729
"New Mexico",2015,145180310,815006256,96110,669825946,"35",2014,"'14–'15",236.736,1
"New York",2000,422790400,2809172820,422431,2386382420,"36",1999,"'99–'00",166.6,1.4209843937575
"New York",2001,427580540,3072360240,451855,2644779700,"36",2000,"'00–'01",172.2,1.37477351916376
"New York",2002,460510037,3198739337,466866,2738229300,"36",2001,"'01–'02",177.1,1.33673630717109
"New York",2003,473629294,3347542594,483616,2873913300,"36",2002,"'02–'03",179.9,1.31593107281823
"New York",2004,485392441,3137059241,489692,2651666800,"36",2003,"'03–'04",184,1.28660869565217
"New York",2005,536398086,3501516886,497971,2965118800,"36",2004,"'04–'05",188.9,1.25323451561673
"New York",2006,556407839,3860399439,500182,3303991600,"36",2005,"'05–'06",195.3,1.21216589861751
"New York",2007,599190387,4320427087,508909,3721236700,"36",2006,"'06–'07",201.6,1.17428571428571
"New York",2008,623389034,4631421134,526538,4008032100,"36",2007,"'07–'08",207.342,1.14176577827936
"New York",2009,653627936,4780190211,547845,4126562275,"36",2008,"'08–'09",215.303,1.09954807875413
"New York",2010,654550279,4953330488,572355,4298780209,"36",2009,"'09–'10",214.537,1.10347399283107
"New York",2011,729248376,5150639926,578830,4421391550,"36",2010,"'10–'11",218.056,1.08566606743222
"New York",2012,733671841,4776571928,577136,4042900087,"36",2011,"'11–'12",224.939,1.0524453296227
"New York",2013,733318069,5030430912,571694,4297112843,"36",2012,"'12–'13",229.594,1.03110708467991
"New York",2014,744845660,5242684404,565719,4497838744,"36",2013,"'13–'14",232.957,1.01622187785729
"New York",2015,791994747,5504135356,567465,4712140609,"36",2014,"'14–'15",236.736,1
"North Carolina",2000,101600000,1866285000,259308,1764685000,"37",1999,"'99–'00",166.6,1.4209843937575
"North Carolina",2001,112714000,1974391000,268589,1861677000,"37",2000,"'00–'01",172.2,1.37477351916376
"North Carolina",2002,123434000,2019063000,288997,1895629000,"37",2001,"'01–'02",177.1,1.33673630717109
"North Carolina",2003,127414446,2083221446,302159,1955807000,"37",2002,"'02–'03",179.9,1.31593107281823
"North Carolina",2004,132276000,2111270000,315159,1978994000,"37",2003,"'03–'04",184,1.28660869565217
"North Carolina",2005,143926791,2288178220,339034,2144251429,"37",2004,"'04–'05",188.9,1.25323451561673
"North Carolina",2006,157603307,2547245407,338644,2389642100,"37",2005,"'05–'06",195.3,1.21216589861751
"North Carolina",2007,171812537,2904811761,344056,2732999224,"37",2006,"'06–'07",201.6,1.17428571428571
"North Carolina",2008,185995031,3200333452.81,357601,3014338421.81,"37",2007,"'07–'08",207.342,1.14176577827936
"North Carolina",2009,198546425,3086261806.55,385791.88,2887715381.55,"37",2008,"'08–'09",215.303,1.09954807875413
"North Carolina",2010,198011685,3162931419,420956,2964919734,"37",2009,"'09–'10",214.537,1.10347399283107
"North Carolina",2011,198448732,3195585569.02,425779,2997136837.02,"37",2010,"'10–'11",218.056,1.08566606743222
"North Carolina",2012,204071082,3079049751,412349,2874978669,"37",2011,"'11–'12",224.939,1.0524453296227
"North Carolina",2013,210770614,3245780450,410622,3035009836,"37",2012,"'12–'13",229.594,1.03110708467991
"North Carolina",2014,219909058,3136284160,402199,2916375102,"37",2013,"'13–'14",232.957,1.01622187785729
"North Carolina",2015,230872309,3178655142,391990,2947782833,"37",2014,"'14–'15",236.736,1
"North Dakota",2000,0,144886199,30259,144886199,"38",1999,"'99–'00",166.6,1.4209843937575
"North Dakota",2001,0,146163091,31922,146163091,"38",2000,"'00–'01",172.2,1.37477351916376
"North Dakota",2002,0,158443695,33249,158443695,"38",2001,"'01–'02",177.1,1.33673630717109
"North Dakota",2003,0,161136356,34667,161136356,"38",2002,"'02–'03",179.9,1.31593107281823
"North Dakota",2004,0,157299405,35322,157299405,"38",2003,"'03–'04",184,1.28660869565217
"North Dakota",2005,0,158351818,34629,158351818,"38",2004,"'04–'05",188.9,1.25323451561673
"North Dakota",2006,0,168051720,34302,168051720,"38",2005,"'05–'06",195.3,1.21216589861751
"North Dakota",2007,0,168815828,33905,168815828,"38",2006,"'06–'07",201.6,1.17428571428571
"North Dakota",2008,0,199540127,34955,199540127,"38",2007,"'07–'08",207.342,1.14176577827936
"North Dakota",2009,0,199526401,36408,199526401,"38",2008,"'08–'09",215.303,1.09954807875413
"North Dakota",2010,0,246221389,37716,246221389,"38",2009,"'09–'10",214.537,1.10347399283107
"North Dakota",2011,0,245106187,37915,245106187,"38",2010,"'10–'11",218.056,1.08566606743222
"North Dakota",2012,0,268857422,37503,268857422,"38",2011,"'11–'12",224.939,1.0524453296227
"North Dakota",2013,0,268221027,37122,268221027,"38",2012,"'12–'13",229.594,1.03110708467991
"North Dakota",2014,0,321066294,36927,321066294,"38",2013,"'13–'14",232.957,1.01622187785729
"North Dakota",2015,0,321359307,36801,321359307,"38",2014,"'14–'15",236.736,1
"Ohio",2000,86769211,1812210347,332947,1725441136,"39",1999,"'99–'00",166.6,1.4209843937575
"Ohio",2001,87824208,1918181714,337379,1830357506,"39",2000,"'00–'01",172.2,1.37477351916376
"Ohio",2002,95582936,1831897736,353571,1736314800,"39",2001,"'01–'02",177.1,1.33673630717109
"Ohio",2003,110912149,1766677465,352538,1655765316,"39",2002,"'02–'03",179.9,1.31593107281823
"Ohio",2004,123062113,1788553863,360835,1665491750,"39",2003,"'03–'04",184,1.28660869565217
"Ohio",2005,124676930,1805693629,381073,1681016699,"39",2004,"'04–'05",188.9,1.25323451561673
"Ohio",2006,127714138,1853436113,363598,1725721975,"39",2005,"'05–'06",195.3,1.21216589861751
"Ohio",2007,136752837,1878781805,366629.34,1742028968,"39",2006,"'06–'07",201.6,1.17428571428571
"Ohio",2008,136911880,1957897599,375931.84,1820985719,"39",2007,"'07–'08",207.342,1.14176577827936
"Ohio",2009,143129861,2122764595.55,391546,1979634734.55,"39",2008,"'08–'09",215.303,1.09954807875413
"Ohio",2010,149286456,2041142065,447494,1891855609,"39",2009,"'09–'10",214.537,1.10347399283107
"Ohio",2011,170171062,2063931205,460747,1893760143,"39",2010,"'10–'11",218.056,1.08566606743222
"Ohio",2012,173186283,1806077800,455507,1632891517,"39",2011,"'11–'12",224.939,1.0524453296227
"Ohio",2013,152845619,1716432811,400796,1563587192,"39",2012,"'12–'13",229.594,1.03110708467991
"Ohio",2014,165517078,1781993027,401874,1616475949,"39",2013,"'13–'14",232.957,1.01622187785729
"Ohio",2015,174050831,2016596371,379032,1842545540,"39",2014,"'14–'15",236.736,1
"Oklahoma",2000,2.4e+07,676331204,119115,652331204,"40",1999,"'99–'00",166.6,1.4209843937575
"Oklahoma",2001,2.7e+07,711600707,121111,684600707,"40",2000,"'00–'01",172.2,1.37477351916376
"Oklahoma",2002,25896177,695362676,128530,669466499,"40",2001,"'01–'02",177.1,1.33673630717109
"Oklahoma",2003,27864495,717165439,128005,689300944,"40",2002,"'02–'03",179.9,1.31593107281823
"Oklahoma",2004,30446902,649905672,133393,619458770,"40",2003,"'03–'04",184,1.28660869565217
"Oklahoma",2005,30685658,665030172,136424,634344514,"40",2004,"'04–'05",188.9,1.25323451561673
"Oklahoma",2006,31976830,760831024,134940,728854194,"40",2005,"'05–'06",195.3,1.21216589861751
"Oklahoma",2007,33445903,883899579,132093,850453676,"40",2006,"'06–'07",201.6,1.17428571428571
"Oklahoma",2008,36045173,939894248,131191,903849075,"40",2007,"'07–'08",207.342,1.14176577827936
"Oklahoma",2009,40666238,919962504.02,127058,879296266.02,"40",2008,"'08–'09",215.303,1.09954807875413
"Oklahoma",2010,41489536,1025733154.5,142024,984243618.5,"40",2009,"'09–'10",214.537,1.10347399283107
"Oklahoma",2011,40919536,989201580,150171,948282044,"40",2010,"'10–'11",218.056,1.08566606743222
"Oklahoma",2012,40624780,899583438.18,146518,858958658.18,"40",2011,"'11–'12",224.939,1.0524453296227
"Oklahoma",2013,41875529,900660141.48,144138,858784612.48,"40",2012,"'12–'13",229.594,1.03110708467991
"Oklahoma",2014,46625073,911964117.45,145401,865339044.45,"40",2013,"'13–'14",232.957,1.01622187785729
"Oklahoma",2015,43212149,916061457,136311,872849308,"40",2014,"'14–'15",236.736,1
"Oregon",2000,82216543,538687411,105870,456470868,"41",1999,"'99–'00",166.6,1.4209843937575
"Oregon",2001,85896762,621415434.5,111006.34,535518672.5,"41",2000,"'00–'01",172.2,1.37477351916376
"Oregon",2002,91392473,618216194.5,120210.42,526823721.5,"41",2001,"'01–'02",177.1,1.33673630717109
"Oregon",2003,98267253,621450675.5,125808.2,523183422.5,"41",2002,"'02–'03",179.9,1.31593107281823
"Oregon",2004,99833870,580250397,126970.09,480416527,"41",2003,"'03–'04",184,1.28660869565217
"Oregon",2005,105126383,585327041,127059,480200658,"41",2004,"'04–'05",188.9,1.25323451561673
"Oregon",2006,110751954,627965205.88,126443.34,517213251.88,"41",2005,"'05–'06",195.3,1.21216589861751
"Oregon",2007,117221507,651230189.88,125113.45,534008682.88,"41",2006,"'06–'07",201.6,1.17428571428571
"Oregon",2008,123839853,730241245,129626.14,606401392,"41",2007,"'07–'08",207.342,1.14176577827936
"Oregon",2009,130826670,757808781,141532,626982111,"41",2008,"'08–'09",215.303,1.09954807875413
"Oregon",2010,172310068,750914309,160037,578604241,"41",2009,"'09–'10",214.537,1.10347399283107
"Oregon",2011,195156671,744008392,168374,548851721,"41",2010,"'10–'11",218.056,1.08566606743222
"Oregon",2012,199413574,665132639,169806,465719065,"41",2011,"'11–'12",224.939,1.0524453296227
"Oregon",2013,190454278,673525369,165564,483071091,"41",2012,"'12–'13",229.594,1.03110708467991
"Oregon",2014,203215840,734877844,165480,531662004,"41",2013,"'13–'14",232.957,1.01622187785729
"Oregon",2015,224211957,792481046,155505,568269089,"41",2014,"'14–'15",236.736,1
"Pennsylvania",2000,92439000,1689177000,280594,1596738000,"42",1999,"'99–'00",166.6,1.4209843937575
"Pennsylvania",2001,89172000,1780225000,288334,1691053000,"42",2000,"'00–'01",172.2,1.37477351916376
"Pennsylvania",2002,92739000,1789220000,293742,1696481000,"42",2001,"'01–'02",177.1,1.33673630717109
"Pennsylvania",2003,94556000,1777141000,315591,1682585000,"42",2002,"'02–'03",179.9,1.31593107281823
"Pennsylvania",2004,98426000,1727868000,322665,1629442000,"42",2003,"'03–'04",184,1.28660869565217
"Pennsylvania",2005,102361000,1801230000,326675,1698869000,"42",2004,"'04–'05",188.9,1.25323451561673
"Pennsylvania",2006,100566000,1852236000,327235,1751670000,"42",2005,"'05–'06",195.3,1.21216589861751
"Pennsylvania",2007,106410005,1953020886,337425,1846610881,"42",2006,"'06–'07",201.6,1.17428571428571
"Pennsylvania",2008,111140847,1995616254,343043,1884475407,"42",2007,"'07–'08",207.342,1.14176577827936
"Pennsylvania",2009,112074197,2021014023,353494,1908939826,"42",2008,"'08–'09",215.303,1.09954807875413
"Pennsylvania",2010,111987258,1817641215,371286,1705653957,"42",2009,"'09–'10",214.537,1.10347399283107
"Pennsylvania",2011,113419201,1781185674,374997,1667766473,"42",2010,"'10–'11",218.056,1.08566606743222
"Pennsylvania",2012,106791636,1450554050,369046,1343762414,"42",2011,"'11–'12",224.939,1.0524453296227
"Pennsylvania",2013,108935177,1440341869,364468,1331406692,"42",2012,"'12–'13",229.594,1.03110708467991
"Pennsylvania",2014,111626893,1454107052,358820,1342480159,"42",2013,"'13–'14",232.957,1.01622187785729
"Pennsylvania",2015,115002489,1492362030,355062,1377359541,"42",2014,"'14–'15",236.736,1
"Rhode Island",2000,0,152100000,25402,152100000,"44",1999,"'99–'00",166.6,1.4209843937575
"Rhode Island",2001,0,165943600,25622,165943600,"44",2000,"'00–'01",172.2,1.37477351916376
"Rhode Island",2002,0,177472666,26677,177472666,"44",2001,"'01–'02",177.1,1.33673630717109
"Rhode Island",2003,0,172546294,26887,172546294,"44",2002,"'02–'03",179.9,1.31593107281823
"Rhode Island",2004,0,177104304,27815,177104304,"44",2003,"'03–'04",184,1.28660869565217
"Rhode Island",2005,0,180417154,28117,180417154,"44",2004,"'04–'05",188.9,1.25323451561673
"Rhode Island",2006,0,185472885,28092,185472885,"44",2005,"'05–'06",195.3,1.21216589861751
"Rhode Island",2007,0,189391902,28926,189391902,"44",2006,"'06–'07",201.6,1.17428571428571
"Rhode Island",2008,0,183391185,30120,183391185,"44",2007,"'07–'08",207.342,1.14176577827936
"Rhode Island",2009,0,159438816,30774,159438816,"44",2008,"'08–'09",215.303,1.09954807875413
"Rhode Island",2010,0,153104074,32071,153104074,"44",2009,"'09–'10",214.537,1.10347399283107
"Rhode Island",2011,0,158443823,31724,158443823,"44",2010,"'10–'11",218.056,1.08566606743222
"Rhode Island",2012,0,174836540,31729,174836540,"44",2011,"'11–'12",224.939,1.0524453296227
"Rhode Island",2013,0,155707647,31699,155707647,"44",2012,"'12–'13",229.594,1.03110708467991
"Rhode Island",2014,0,160065759,31506,160065759,"44",2013,"'13–'14",232.957,1.01622187785729
"Rhode Island",2015,0,167107496,31547,167107496,"44",2014,"'14–'15",236.736,1
"South Carolina",2000,32693306,596584845,128067,563891539,"45",1999,"'99–'00",166.6,1.4209843937575
"South Carolina",2001,36062332,656912202,133120,620849870,"45",2000,"'00–'01",172.2,1.37477351916376
"South Carolina",2002,35926715,600616839,137007,564690124,"45",2001,"'01–'02",177.1,1.33673630717109
"South Carolina",2003,41101956,808071197,137983,766969241,"45",2002,"'02–'03",179.9,1.31593107281823
"South Carolina",2004,43349449,718001377,143800,674651928,"45",2003,"'03–'04",184,1.28660869565217
"South Carolina",2005,45926381,759742915,143273,713816534,"45",2004,"'04–'05",188.9,1.25323451561673
"South Carolina",2006,50253569,825503123,145141,775249554,"45",2005,"'05–'06",195.3,1.21216589861751
"South Carolina",2007,52543142,883319864,146624,830776722,"45",2006,"'06–'07",201.6,1.17428571428571
"South Carolina",2008,55962514,946066836,150333,890104322,"45",2007,"'07–'08",207.342,1.14176577827936
"South Carolina",2009,59936582,800034137,158252,740097555,"45",2008,"'08–'09",215.303,1.09954807875413
"South Carolina",2010,61419143,834588060,172579,773168917,"45",2009,"'09–'10",214.537,1.10347399283107
"South Carolina",2011,62798884,768243986,174030,705445102,"45",2010,"'10–'11",218.056,1.08566606743222
"South Carolina",2012,62126384,719317577,175236,657191193,"45",2011,"'11–'12",224.939,1.0524453296227
"South Carolina",2013,62217142,764222416,180038,702005274,"45",2012,"'12–'13",229.594,1.03110708467991
"South Carolina",2014,65515911,765135314,176746,699619403,"45",2013,"'13–'14",232.957,1.01622187785729
"South Carolina",2015,65103737,820569233,176789,755465496,"45",2014,"'14–'15",236.736,1
"South Dakota",2000,0,94140209,22056,94140209,"46",1999,"'99–'00",166.6,1.4209843937575
"South Dakota",2001,0,97225003,22064,97225003,"46",2000,"'00–'01",172.2,1.37477351916376
"South Dakota",2002,0,102999284,22573,102999284,"46",2001,"'01–'02",177.1,1.33673630717109
"South Dakota",2003,0,119541520,28232,119541520,"46",2002,"'02–'03",179.9,1.31593107281823
"South Dakota",2004,0,123316596,28154,123316596,"46",2003,"'03–'04",184,1.28660869565217
"South Dakota",2005,0,129426920,28523,129426920,"46",2004,"'04–'05",188.9,1.25323451561673
"South Dakota",2006,0,130177449,29254,130177449,"46",2005,"'05–'06",195.3,1.21216589861751
"South Dakota",2007,0,142237076,29231,142237076,"46",2006,"'06–'07",201.6,1.17428571428571
"South Dakota",2008,0,160252581,29595.09,160252581,"46",2007,"'07–'08",207.342,1.14176577827936
"South Dakota",2009,0,158925695.33,31026.6,158925695.33,"46",2008,"'08–'09",215.303,1.09954807875413
"South Dakota",2010,0,160824726,32323.6,160824726,"46",2009,"'09–'10",214.537,1.10347399283107
"South Dakota",2011,0,160511768,33313,160511768,"46",2010,"'10–'11",218.056,1.08566606743222
"South Dakota",2012,0,145782491,33540,145782491,"46",2011,"'11–'12",224.939,1.0524453296227
"South Dakota",2013,0,157146708,32945,157146708,"46",2012,"'12–'13",229.594,1.03110708467991
"South Dakota",2014,0,164564265.19,33658.9,164564265.19,"46",2013,"'13–'14",232.957,1.01622187785729
"South Dakota",2015,0,173695896,33937.6,173695896,"46",2014,"'14–'15",236.736,1
"Tennessee",2000,0,776914800,160751,776914800,"47",1999,"'99–'00",166.6,1.4209843937575
"Tennessee",2001,0,821941900,159838,821941900,"47",2000,"'00–'01",172.2,1.37477351916376
"Tennessee",2002,0,851009750,160822,851009750,"47",2001,"'01–'02",177.1,1.33673630717109
"Tennessee",2003,0,867236000,167634.39,867236000,"47",2002,"'02–'03",179.9,1.31593107281823
"Tennessee",2004,0,857195180,169612.58,857195180,"47",2003,"'03–'04",184,1.28660869565217
"Tennessee",2005,0,1088206600,170084,1088206600,"47",2004,"'04–'05",188.9,1.25323451561673
"Tennessee",2006,0,1093164000,169041.92,1093164000,"47",2005,"'05–'06",195.3,1.21216589861751
"Tennessee",2007,0,1190378700,171845,1190378700,"47",2006,"'06–'07",201.6,1.17428571428571
"Tennessee",2008,0,1293306991,173706,1293306991,"47",2007,"'07–'08",207.342,1.14176577827936
"Tennessee",2009,0,1324230381,178100,1324230381,"47",2008,"'08–'09",215.303,1.09954807875413
"Tennessee",2010,0,1318029676,190286,1318029676,"47",2009,"'09–'10",214.537,1.10347399283107
"Tennessee",2011,0,1292017813,201378,1292017813,"47",2010,"'10–'11",218.056,1.08566606743222
"Tennessee",2012,0,1074430805,201735,1074430805,"47",2011,"'11–'12",224.939,1.0524453296227
"Tennessee",2013,0,1105534384,196097,1105534384,"47",2012,"'12–'13",229.594,1.03110708467991
"Tennessee",2014,0,1216121099,190485,1216121099,"47",2013,"'13–'14",232.957,1.01622187785729
"Tennessee",2015,0,1210022462,185316,1210022462,"47",2014,"'14–'15",236.736,1
"Texas",2000,460399944,3523223613,654039,3062823669,"48",1999,"'99–'00",166.6,1.4209843937575
"Texas",2001,502781663,3718543981,667534,3215762318,"48",2000,"'00–'01",172.2,1.37477351916376
"Texas",2002,607003382,4197788899,704310,3590785517,"48",2001,"'01–'02",177.1,1.33673630717109
"Texas",2003,673517699,4071060917,766342,3397543218,"48",2002,"'02–'03",179.9,1.31593107281823
"Texas",2004,673517699,4294693959,799142,3621176260,"48",2003,"'03–'04",184,1.28660869565217
"Texas",2005,795691768,4375857793,812696,3580166025,"48",2004,"'04–'05",188.9,1.25323451561673
"Texas",2006,799666654,5151060280,820788,4351393626,"48",2005,"'05–'06",195.3,1.21216589861751
"Texas",2007,770733185,5168486206,794211,4397753021,"48",2006,"'06–'07",201.6,1.17428571428571
"Texas",2008,1062729812,5892085981,804918,4829356169,"48",2007,"'07–'08",207.342,1.14176577827936
"Texas",2009,1218857326,5758428218,822131,4539570892,"48",2008,"'08–'09",215.303,1.09954807875413
"Texas",2010,1345021257,6581785758,863475,5236764501,"48",2009,"'09–'10",214.537,1.10347399283107
"Texas",2011,1393392385,6342171469,943694,4948779084,"48",2010,"'10–'11",218.056,1.08566606743222
"Texas",2012,1361230989,6296606306,993964,4935375317,"48",2011,"'11–'12",224.939,1.0524453296227
"Texas",2013,1476132693,6247333308,1002892,4771200615,"48",2012,"'12–'13",229.594,1.03110708467991
"Texas",2014,1553672570,6906176927,994745,5352504357,"48",2013,"'13–'14",232.957,1.01622187785729
"Texas",2015,1432408741,6681343666,993485,5248934925,"48",2014,"'14–'15",236.736,1
"Utah",2000,0,469490275,87640,469490275,"49",1999,"'99–'00",166.6,1.4209843937575
"Utah",2001,0,494949077,91953,494949077,"49",2000,"'00–'01",172.2,1.37477351916376
"Utah",2002,0,529243337,98654,529243337,"49",2001,"'01–'02",177.1,1.33673630717109
"Utah",2003,0,552879100,108386,552879100,"49",2002,"'02–'03",179.9,1.31593107281823
"Utah",2004,0,548367400,108636,548367400,"49",2003,"'03–'04",184,1.28660869565217
"Utah",2005,0,579091900,107703,579091900,"49",2004,"'04–'05",188.9,1.25323451561673
"Utah",2006,0,620054200,104350,620054200,"49",2005,"'05–'06",195.3,1.21216589861751
"Utah",2007,0,646184900,102372,646184900,"49",2006,"'06–'07",201.6,1.17428571428571
"Utah",2008,0,736020600,103320,736020600,"49",2007,"'07–'08",207.342,1.14176577827936
"Utah",2009,0,699380831,107649,699380831,"49",2008,"'08–'09",215.303,1.09954807875413
"Utah",2010,0,672510100,118446,672510100,"49",2009,"'09–'10",214.537,1.10347399283107
"Utah",2011,0,667596122,125073,667596122,"49",2010,"'10–'11",218.056,1.08566606743222
"Utah",2012,0,647704337,126594,647704337,"49",2011,"'11–'12",224.939,1.0524453296227
"Utah",2013,0,663684400,123851,663684400,"49",2012,"'12–'13",229.594,1.03110708467991
"Utah",2014,0,705224200,119692,705224200,"49",2013,"'13–'14",232.957,1.01622187785729
"Utah",2015,0,786875512,120352,786875512,"49",2014,"'14–'15",236.736,1
"Vermont",2000,0,42877570,15571,42877570,"50",1999,"'99–'00",166.6,1.4209843937575
"Vermont",2001,0,46001650,15914,46001650,"50",2000,"'00–'01",172.2,1.37477351916376
"Vermont",2002,0,49170254,16379,49170254,"50",2001,"'01–'02",177.1,1.33673630717109
"Vermont",2003,0,51418084,16843,51418084,"50",2002,"'02–'03",179.9,1.31593107281823
"Vermont",2004,0,52794333,17429,52794333,"50",2003,"'03–'04",184,1.28660869565217
"Vermont",2005,0,54285388,18059,54285388,"50",2004,"'04–'05",188.9,1.25323451561673
"Vermont",2006,0,57177581,18868,57177581,"50",2005,"'05–'06",195.3,1.21216589861751
"Vermont",2007,0,60627534.66,19381,60627534.66,"50",2006,"'06–'07",201.6,1.17428571428571
"Vermont",2008,0,63232978.32,19797,63232978.32,"50",2007,"'07–'08",207.342,1.14176577827936
"Vermont",2009,0,61177452,20654,61177452,"50",2008,"'08–'09",215.303,1.09954807875413
"Vermont",2010,0,66931354,21778,66931354,"50",2009,"'09–'10",214.537,1.10347399283107
"Vermont",2011,0,68214115,22548,68214115,"50",2010,"'10–'11",218.056,1.08566606743222
"Vermont",2012,0,63659806,21765,63659806,"50",2011,"'11–'12",224.939,1.0524453296227
"Vermont",2013,0,63546419,21319,63546419,"50",2012,"'12–'13",229.594,1.03110708467991
"Vermont",2014,0,66252074,20955,66252074,"50",2013,"'13–'14",232.957,1.01622187785729
"Vermont",2015,0,66170503,20652,66170503,"50",2014,"'14–'15",236.736,1
"Virginia",2000,11805321,1276547969,233263,1264742648,"51",1999,"'99–'00",166.6,1.4209843937575
"Virginia",2001,12226755,1410002021,236014,1397775266,"51",2000,"'00–'01",172.2,1.37477351916376
"Virginia",2002,13333179,1457459647,246637,1444126468,"51",2001,"'01–'02",177.1,1.33673630717109
"Virginia",2003,12835000,1231571243,254694,1218736243,"51",2002,"'02–'03",179.9,1.31593107281823
"Virginia",2004,12163940,1167725932,257534,1155561992,"51",2003,"'03–'04",184,1.28660869565217
"Virginia",2005,13094000,1286860223,260813,1273766223,"51",2004,"'04–'05",188.9,1.25323451561673
"Virginia",2006,13554145,1387342351,265615,1373788206,"51",2005,"'05–'06",195.3,1.21216589861751
"Virginia",2007,13993110,1606430358,273039,1592437248,"51",2006,"'06–'07",201.6,1.17428571428571
"Virginia",2008,17399000,1636666238,281940,1619267238,"51",2007,"'07–'08",207.342,1.14176577827936
"Virginia",2009,28332949,1668385133,294436,1640052184,"51",2008,"'08–'09",215.303,1.09954807875413
"Virginia",2010,27652590,1583189711,312598,1555537121,"51",2009,"'09–'10",214.537,1.10347399283107
"Virginia",2011,20088748,1682407571,321965,1662318823,"51",2010,"'10–'11",218.056,1.08566606743222
"Virginia",2012,26953584,1389731859,325517,1362778275,"51",2011,"'11–'12",224.939,1.0524453296227
"Virginia",2013,22980805,1454296199,320481,1431315394,"51",2012,"'12–'13",229.594,1.03110708467991
"Virginia",2014,22941170,1518054859,318166,1495113689,"51",2013,"'13–'14",232.957,1.01622187785729
"Virginia",2015,23665643,1548327882,314066,1524662239,"51",2014,"'14–'15",236.736,1
"Washington",2000,0,1098700000,198984,1098700000,"53",1999,"'99–'00",166.6,1.4209843937575
"Washington",2001,0,1164262000,204663,1164262000,"53",2000,"'00–'01",172.2,1.37477351916376
"Washington",2002,0,1193225000,213147,1193225000,"53",2001,"'01–'02",177.1,1.33673630717109
"Washington",2003,0,1225680000,220677,1225680000,"53",2002,"'02–'03",179.9,1.31593107281823
"Washington",2004,0,1212221000,220041,1212221000,"53",2003,"'03–'04",184,1.28660869565217
"Washington",2005,0,1255551000,213801,1255551000,"53",2004,"'04–'05",188.9,1.25323451561673
"Washington",2006,0,1371355000,213055,1371355000,"53",2005,"'05–'06",195.3,1.21216589861751
"Washington",2007,0,1454251000,214847,1454251000,"53",2006,"'06–'07",201.6,1.17428571428571
"Washington",2008,0,1568303000,221264,1568303000,"53",2007,"'07–'08",207.342,1.14176577827936
"Washington",2009,0,1606764058,236742,1606764058,"53",2008,"'08–'09",215.303,1.09954807875413
"Washington",2010,0,1555846701,254867,1555846701,"53",2009,"'09–'10",214.537,1.10347399283107
"Washington",2011,0,1458404450,261485,1458404450,"53",2010,"'10–'11",218.056,1.08566606743222
"Washington",2012,0,1237618912,253902,1237618912,"53",2011,"'11–'12",224.939,1.0524453296227
"Washington",2013,0,1246580100,248273,1246580100,"53",2012,"'12–'13",229.594,1.03110708467991
"Washington",2014,0,1446189202,245011,1446189202,"53",2013,"'13–'14",232.957,1.01622187785729
"Washington",2015,0,1444157338,242221,1444157338,"53",2014,"'14–'15",236.736,1
"West Virginia",2000,0,265602433,62959,265602433,"54",1999,"'99–'00",166.6,1.4209843937575
"West Virginia",2001,0,283540948,62902,283540948,"54",2000,"'00–'01",172.2,1.37477351916376
"West Virginia",2002,0,308215890,64799,308215890,"54",2001,"'01–'02",177.1,1.33673630717109
"West Virginia",2003,0,308464804,67374,308464804,"54",2002,"'02–'03",179.9,1.31593107281823
"West Virginia",2004,0,281143990,69466,281143990,"54",2003,"'03–'04",184,1.28660869565217
"West Virginia",2005,0,308461762,70786,308461762,"54",2004,"'04–'05",188.9,1.25323451561673
"West Virginia",2006,0,301078429,71717,301078429,"54",2005,"'05–'06",195.3,1.21216589861751
"West Virginia",2007,0,334192655,72679,334192655,"54",2006,"'06–'07",201.6,1.17428571428571
"West Virginia",2008,0,427596917,73525,427596917,"54",2007,"'07–'08",207.342,1.14176577827936
"West Virginia",2009,0,374523497,74864,374523497,"54",2008,"'08–'09",215.303,1.09954807875413
"West Virginia",2010,0,378436800,78798,378436800,"54",2009,"'09–'10",214.537,1.10347399283107
"West Virginia",2011,0,392046405,81116,392046405,"54",2010,"'10–'11",218.056,1.08566606743222
"West Virginia",2012,0,393093379,80193,393093379,"54",2011,"'11–'12",224.939,1.0524453296227
"West Virginia",2013,0,392711991,78458,392711991,"54",2012,"'12–'13",229.594,1.03110708467991
"West Virginia",2014,0,361635707,76202,361635707,"54",2013,"'13–'14",232.957,1.01622187785729
"West Virginia",2015,0,354474987,72765,354474987,"54",2014,"'14–'15",236.736,1
"Wisconsin",2000,248300000,1177300000,191528,9.29e+08,"55",1999,"'99–'00",166.6,1.4209843937575
"Wisconsin",2001,266700000,1257961400,196523,991261400,"55",2000,"'00–'01",172.2,1.37477351916376
"Wisconsin",2002,290602168,1300737568,204123,1010135400,"55",2001,"'01–'02",177.1,1.33673630717109
"Wisconsin",2003,315909057,1338817111,209599,1022908054,"55",2002,"'02–'03",179.9,1.31593107281823
"Wisconsin",2004,333503383,1280110249,212880,946606866,"55",2003,"'03–'04",184,1.28660869565217
"Wisconsin",2005,362726215,1301885267,212752,939159052,"55",2004,"'04–'05",188.9,1.25323451561673
"Wisconsin",2006,366896336,1275886111,214065,908989775,"55",2005,"'05–'06",195.3,1.21216589861751
"Wisconsin",2007,383534771,1347238224,215098,963703453,"55",2006,"'06–'07",201.6,1.17428571428571
"Wisconsin",2008,418760310,1442924842,219006,1024164532,"55",2007,"'07–'08",207.342,1.14176577827936
"Wisconsin",2009,444392275,1506262615,224113,1061870340,"55",2008,"'08–'09",215.303,1.09954807875413
"Wisconsin",2010,451584936,1475288151,237403,1023703215,"55",2009,"'09–'10",214.537,1.10347399283107
"Wisconsin",2011,467619264,1560696796,240625,1093077532,"55",2010,"'10–'11",218.056,1.08566606743222
"Wisconsin",2012,450400204,1331785777,233284,881385573,"55",2011,"'11–'12",224.939,1.0524453296227
"Wisconsin",2013,459167156,1397464903,229463,938297747,"55",2012,"'12–'13",229.594,1.03110708467991
"Wisconsin",2014,466440188,1349673383,223777,883233195,"55",2013,"'13–'14",232.957,1.01622187785729
"Wisconsin",2015,0,1369432222,219490,1369432222,"55",2014,"'14–'15",236.736,1
"Wyoming",2000,16120000,184531777,20419,168411777,"56",1999,"'99–'00",166.6,1.4209843937575
"Wyoming",2001,18648000,149844454,20198,131196454,"56",2000,"'00–'01",172.2,1.37477351916376
"Wyoming",2002,19458000,163602323,20874,144144323,"56",2001,"'01–'02",177.1,1.33673630717109
"Wyoming",2003,21631003,193404500,21774,171773497,"56",2002,"'02–'03",179.9,1.31593107281823
"Wyoming",2004,21209000,200758054,22225,179549054,"56",2003,"'03–'04",184,1.28660869565217
"Wyoming",2005,25241278,221003520,22426,195762242,"56",2004,"'04–'05",188.9,1.25323451561673
"Wyoming",2006,30064497,246773759,22483,216709262,"56",2005,"'05–'06",195.3,1.21216589861751
"Wyoming",2007,36730690,286617303,22569,249886613,"56",2006,"'06–'07",201.6,1.17428571428571
"Wyoming",2008,36944150,297829284,23054,260885134,"56",2007,"'07–'08",207.342,1.14176577827936
"Wyoming",2009,36784879,323250493,23627.9,286465614,"56",2008,"'08–'09",215.303,1.09954807875413
"Wyoming",2010,33841742,298261301,25587,264419559,"56",2009,"'09–'10",214.537,1.10347399283107
"Wyoming",2011,28767283,368019303,26391.5,339252020,"56",2010,"'10–'11",218.056,1.08566606743222
"Wyoming",2012,30218318,322912184,26174,292693866,"56",2011,"'11–'12",224.939,1.0524453296227
"Wyoming",2013,34017043,370009335,25669,335992292,"56",2012,"'12–'13",229.594,1.03110708467991
"Wyoming",2014,34220759,340187721.42,24986,305966962.42,"56",2013,"'13–'14",232.957,1.01622187785729
"Wyoming",2015,36259886,363868932,24041.3,327609046,"56",2014,"'14–'15",236.736,1
"US",2000,5058939750,51860777829,8604542,46801838079,,1999,"'99–'00",166.6,1.4209843937575
"US",2001,5367693048,55860626473.5,8667368.34,50492933425.5,,2000,"'00–'01",172.2,1.37477351916376
"US",2002,5943071008,57793952584.5,9034365.42,51850881576.5,,2001,"'01–'02",177.1,1.33673630717109
"US",2003,6344756923,58086068844.5,9503867.59,51741311921.5,,2002,"'02–'03",179.9,1.31593107281823
"US",2004,6623905796,57266265292,9714195.67,50642359496,,2003,"'03–'04",184,1.28660869565217
"US",2005,6616219347,59833010105,9895854,53216790758,,2004,"'04–'05",188.9,1.25323451561673
"US",2006,6933084895,64467191444.88,9848903.26,57534106549.88,,2005,"'05–'06",195.3,1.21216589861751
"US",2007,7263375454,69298799877.54,9974563.08,62035424423.54,,2006,"'06–'07",201.6,1.17428571428571
"US",2008,8042971472,74469154861.85,10255462.86,66426183389.85,,2007,"'07–'08",207.342,1.14176577827936
"US",2009,8382126634.3,73947954583.49,10721465.72,65565827949.19,,2008,"'08–'09",215.303,1.09954807875413
"US",2010,8696550156,73817020665.5,11358769.46,65120470509.5,,2009,"'09–'10",214.537,1.10347399283107
"US",2011,8820790931,73893079557.84,11687594.19,65072288626.84,,2010,"'10–'11",218.056,1.08566606743222
"US",2012,8742778445,67971289597.64,11619211.98,59228511152.64,,2011,"'11–'12",224.939,1.0524453296227
"US",2013,9207731440,68621409991.56,11370713.25,59413678551.56,,2012,"'12–'13",229.594,1.03110708467991
"US",2014,9368319577,73314941590.37,11258229.63,63946622013.37,,2013,"'13–'14",232.957,1.01622187785729
"US",2015,9074453322,77573178606.75,11136560.3,68498725284.75,,2014,"'14–'15",236.736,1
